{"result":"SUCCESS","message":"List Multimedia","errorCode":"0","playerID":"002_andik","lastUpdate":"Sep 27, 2018 8:29:33 AM","listMultimedia":[{"id":"2323","code":"img_2323","name":"img2","fileName":"panteq_20180926094132.jpg","fileMusic":"","multimediaType":"6","duration":"00:00:08.0000000","active":"1","activationDate":"Jul 30, 2018","deactivationDate":"Dec 31, 9999","deliveryDate":"Sep 26, 2018","fileSize":"56331","checksum":"c655179fc45e5fdf4398f51edc40be6e","path":"3270/20180926/panteq_20180926094132.jpg","isDeleted":"F","priority":2323,"startTime":"00:00:01","endTime":"23:59:59","days":"2,3,4,5,6,7,1"}]}