﻿<?xml version="1.0"?>
<Data>
  <Country>
      <FlagImage>https://cdn4.iconfinder.com/data/icons/world-flags-12/512/Untitled-2-10-512.png</FlagImage>
      <Currency>USD</Currency>
      <Symbol>$</Symbol>
      <Buy>0.111</Buy>
      <Sell>0.1333</Sell>
      <Buy>0.122</Buy>
      <Sell>0.122</Sell>
  </Country>
  <Country>
      <FlagImage>https://cdn4.iconfinder.com/data/icons/world-flags-12/512/Untitled-2-09-512.png</FlagImage>
      <Currency>SGD</Currency>
      <Symbol>$</Symbol>
      <Buy>0.44</Buy>
      <Sell>0.145</Sell>
      <Buy>0.22</Buy>
      <Sell>0.245</Sell>
  </Country>
  <Country>
      <FlagImage>https://cdn4.iconfinder.com/data/icons/world-flags-12/512/Untitled-2-02-512.png</FlagImage>
      <Currency>EUR</Currency>
      <Symbol>%</Symbol>
      <Buy>0.456</Buy>
      <Sell>0.423</Sell>
      <Buy>0.978</Buy>
      <Sell>0.123</Sell>
  </Country>
  <Country>
      <FlagImage>https://cdn4.iconfinder.com/data/icons/world-flags-12/512/Untitled-2-08-512.png</FlagImage>
      <Currency>A</Currency>
      <Symbol>$</Symbol>
      <Buy>0.1113</Buy>
      <Sell>0.12</Sell>
      <Buy>0.1156</Buy>
      <Sell>0.765</Sell>
  </Country>
  <Country>
      <FlagImage>https://cdn4.iconfinder.com/data/icons/world-flags-12/512/Untitled-2-12-512.png</FlagImage>
      <Currency>B</Currency>
      <Symbol>$</Symbol>
      <Buy>0.111</Buy>
      <Sell>0.1333</Sell>
      <Buy>0.122</Buy>
      <Sell>0.122</Sell>
  </Country>
  <Country>
      <FlagImage>https://cdn4.iconfinder.com/data/icons/world-flags-12/512/Untitled-2-13-512.png</FlagImage>
      <Currency>C</Currency>
      <Symbol>$</Symbol>
      <Buy>0.4</Buy>
      <Sell>0.34</Sell>
      <Buy>0.765</Buy>
      <Sell>0.62</Sell>
  </Country>
  <Country>
      <FlagImage>https://cdn4.iconfinder.com/data/icons/world-flags-12/512/Untitled-2-17-512.png</FlagImage>
      <Currency>D</Currency>
      <Symbol>$</Symbol>
      <Buy>0.121</Buy>
      <Sell>0.54</Sell>
      <Buy>0.76</Buy>
      <Sell>0.87</Sell>
  </Country>
  <Country>
      <FlagImage>https://cdn4.iconfinder.com/data/icons/world-flags-12/512/Untitled-2-17-512.png</FlagImage>
      <Currency>E</Currency>
      <Symbol>$</Symbol>
      <Buy>0.564</Buy>
      <Sell>0.234</Sell>
      <Buy>0.76</Buy>
      <Sell>0.32</Sell>
  </Country>
  <Country>
      <FlagImage>https://cdn4.iconfinder.com/data/icons/world-flags-12/512/Untitled-2-17-512.png</FlagImage>
      <Currency>F</Currency>
      <Symbol>%</Symbol>
      <Buy>0.435</Buy>
      <Sell>0.123</Sell>
      <Buy>0.9</Buy>
      <Sell>0.235</Sell>
  </Country>
  <Country>
      <FlagImage>https://cdn4.iconfinder.com/data/icons/world-flags-12/512/Untitled-2-17-512.png</FlagImage>
      <Currency>G</Currency>
      <Symbol>@</Symbol>
      <Buy>0.65</Buy>
      <Sell>0.98</Sell>
      <Buy>0.12</Buy>
      <Sell>0.564</Sell>
  </Country>
</Data>
