<SmartForexRateAPI><MethodName>callGetLastUpdateTickerByPlayer</MethodName><RequesterInfo><IPAddress>120.188.2.124</IPAddress><DateTime>Thu Oct 06 00:21:18 EST 2016</DateTime></RequesterInfo><SmartForexAPIResult>	<SResultCode>SUCCESS</SResultCode>	<SResultDescription>Last Update Record is found</SResultDescription>	<SmartForexRatePlayer>   		<PlayerID>002_Player1</PlayerID>   		<LastUpdate>2016-08-11 16:23:39.417</LastUpdate>	</SmartForexRatePlayer>	<SmartForexTicker>	<TickerInfo Code="T80">		<ID>57</ID>   		<Name>Ticker01</Name>   		<Text>Our opening hours are Monday to Friday 10:00 AM-4:30 PM and Saturday 10:00 AM-3:30 PM</Text>   		<Priority>1</Priority>   		<Active>1</Active>   		<ActivationDate>2016-08-10</ActivationDate>   		<DeactivationDate>2020-08-31</DeactivationDate>		<IsDelete>F</IsDelete>	</TickerInfo>
	<TickerInfo Code="T81">		<ID>57</ID>   		<Name>Ticker01</Name>   		<Text>test run text</Text>   		<Priority>2</Priority>   		<Active>1</Active>   		<ActivationDate>2016-08-10</ActivationDate>   		<DeactivationDate>2020-08-31</DeactivationDate>		<IsDelete>F</IsDelete>	</TickerInfo></SmartForexTicker></SmartForexAPIResult></SmartForexRateAPI>
